gold,pred
positive,positive
negative,negative
positive,negative
positive,negative
positive,positive
negative,negative
negative,negative
neutral,positive
neutral,negative
positive,positive
positive,positive
positive,positive
negative,negative
negative,negative
neutral,negative
positive,positive
positive,positive
neutral,positive
negative,positive
negative,negative
neutral,negative
negative,positive
negative,negative
positive,positive
positive,positive
positive,positive
negative,negative
negative,negative
negative,negative
positive,positive
negative,negative
neutral,positive
positive,positive
neutral,positive
neutral,positive
negative,negative
negative,negative
negative,negative
positive,positive
negative,negative
positive,positive
negative,negative
negative,negative
positive,positive
neutral,positive
positive,positive
negative,negative
positive,positive
positive,positive
positive,positive
negative,positive
negative,negative
positive,positive
neutral,negative
positive,positive
positive,positive
positive,positive
positive,negative
negative,negative
negative,negative
