run_id,model,lr,status,best_val_acc
run_001,distilbert-base-uncased,2e-05,oom,0.666
run_002,bert-base-uncased,2e-05,ok,0.930
run_003,bert-base-uncased,3e-05,ok,0.846
run_004,deberta-v3-small,2e-05,ok,0.804
run_005,roberta-base,1e-05,ok,0.688
run_006,bert-base-uncased,3e-05,ok,0.819
run_007,bert-base-uncased,5e-05,nan,0.777
run_008,roberta-base,1e-05,oom,0.697
run_009,roberta-base,2e-05,ok,0.761
run_010,bert-base-uncased,3e-05,ok,0.852
run_011,distilbert-base-uncased,2e-05,ok,0.814
run_012,distilbert-base-uncased,1e-05,ok,0.762
run_013,distilbert-base-uncased,5e-05,oom,0.705
run_014,roberta-base,2e-05,ok,0.753
run_015,roberta-base,2e-05,oom,0.688
run_016,deberta-v3-small,3e-05,ok,0.857
run_017,roberta-base,5e-05,ok,0.785
run_018,deberta-v3-small,5e-05,ok,0.823
run_019,bert-base-uncased,3e-05,nan,0.739
run_020,bert-base-uncased,1e-05,nan,0.786
run_021,distilbert-base-uncased,3e-05,ok,0.726
run_022,distilbert-base-uncased,3e-05,ok,0.831
run_023,roberta-base,2e-05,nan,0.658
run_024,distilbert-base-uncased,5e-05,ok,0.747
run_025,distilbert-base-uncased,2e-05,ok,0.799
run_026,deberta-v3-small,1e-05,nan,0.712
run_027,roberta-base,5e-05,ok,0.745
run_028,deberta-v3-small,5e-05,ok,0.796
run_029,deberta-v3-small,2e-05,ok,0.669
run_030,distilbert-base-uncased,1e-05,ok,0.823
